INSERT INTO USERS (FIRST_NAME, LAST_NAME, EMAIL_ADDRESS) VALUES ('Ann', 'Smith', 'ann@gmail.com');
INSERT INTO USERS (FIRST_NAME, LAST_NAME, EMAIL_ADDRESS) VALUES ('Bob', 'Marley', 'bob@gmail.com');
INSERT INTO USERS (FIRST_NAME, LAST_NAME, EMAIL_ADDRESS) VALUES ('Kathy', 'Perry', 'kathy@gmail.com');
INSERT INTO USERS (FIRST_NAME, LAST_NAME, EMAIL_ADDRESS) VALUES ('Jackie', 'Chan', 'jack@gmail.com');
INSERT INTO USERS (FIRST_NAME, LAST_NAME, EMAIL_ADDRESS) VALUES ('Martin', 'Scorsese', 'martin@gmail.com');
INSERT INTO USERS (FIRST_NAME, LAST_NAME, EMAIL_ADDRESS) VALUES ('Adele', 'Jee', 'adele@gmail.com');
INSERT INTO USERS (FIRST_NAME, LAST_NAME, EMAIL_ADDRESS) VALUES ('Mariah', 'Carey', 'mariah@gmail.com');
INSERT INTO USERS (FIRST_NAME, LAST_NAME, EMAIL_ADDRESS) VALUES ('Tom', 'Cruse', 'tom@gmail.com');
INSERT INTO USERS (FIRST_NAME, LAST_NAME, EMAIL_ADDRESS) VALUES ('Mary', 'Poppins', 'mary@gmail.com');
INSERT INTO USERS (FIRST_NAME, LAST_NAME, EMAIL_ADDRESS) VALUES ('Mike', 'Myers', 'mike@gmail.com');


INSERT INTO ITEMS (ITEM_NAME, ITEM_CATEGORY, CODE, COST) VALUES ('apple', 'fruit', 'ab01', 500);
INSERT INTO ITEMS (ITEM_NAME, ITEM_CATEGORY, CODE, COST) VALUES ('milk', 'dairy', 'ag18', 550);
INSERT INTO ITEMS (ITEM_NAME, ITEM_CATEGORY, CODE, COST) VALUES ('tomato', 'vegetable', 'cd36', 400);
INSERT INTO ITEMS (ITEM_NAME, ITEM_CATEGORY, CODE, COST) VALUES ('chicken', 'meat', 'jb101', 2500);
INSERT INTO ITEMS (ITEM_NAME, ITEM_CATEGORY, CODE, COST) VALUES ('chocolate', 'sweet', 'ab08', 600);
INSERT INTO ITEMS (ITEM_NAME, ITEM_CATEGORY, CODE, COST) VALUES ('fish', 'seafood', 'fr28', 1100);
INSERT INTO ITEMS (ITEM_NAME, ITEM_CATEGORY, CODE, COST) VALUES ('coffee', 'breakfast', 'dd45', 950);
INSERT INTO ITEMS (ITEM_NAME, ITEM_CATEGORY, CODE, COST) VALUES ('pasta', 'grocery', 'sa10', 780);
INSERT INTO ITEMS (ITEM_NAME, ITEM_CATEGORY, CODE, COST) VALUES ('toothpaste', 'hygiene supplies', 'ht52', 1200);
INSERT INTO ITEMS (ITEM_NAME, ITEM_CATEGORY, CODE, COST) VALUES ('whiskey', 'alcohol', 'hh49', 18000);

INSERT INTO CATEGORIES (CATEGORY_NAME) VALUES ('fruit');
INSERT INTO CATEGORIES (CATEGORY_NAME) VALUES ('dairy');
INSERT INTO CATEGORIES (CATEGORY_NAME) VALUES ('vegetable');
INSERT INTO CATEGORIES (CATEGORY_NAME) VALUES ('meat');
INSERT INTO CATEGORIES (CATEGORY_NAME) VALUES ('sweet');
INSERT INTO CATEGORIES (CATEGORY_NAME) VALUES ('seafood');
INSERT INTO CATEGORIES (CATEGORY_NAME) VALUES ('breakfast');
INSERT INTO CATEGORIES (CATEGORY_NAME) VALUES ('grocery');
INSERT INTO CATEGORIES (CATEGORY_NAME) VALUES ('hygiene supplies');
INSERT INTO CATEGORIES (CATEGORY_NAME) VALUES ('alcohol');
